{
  "name": "Demo Protocol",
  "version": "1.0.0",
  "networkCanvasVersion": "~4.0.0",
  "variableRegistry": {
    "node": {
      "person": {
        "label": "Person",
        "color": "coral",
        "displayVariable": "nickname",
        "variables": {
          "name": {
            "label": "Name",
            "description": "Human readable description",
            "type": "text",
            "validation": {
              "required": true,
              "minLength": 1,
              "maxLength": 24
            }
          },
          "age": {
            "label": "Age",
            "description": "Human readable description",
            "type": "number",
            "validation": {
              "required": true,
              "minValue": 16,
              "maxValue": 100
            }
          },
          "nameLabel": {
            "label": "Label Name",
            "description": "Human readable description",
            "type": "text",
            "validation": {
              "required": true,
              "minLength": 1,
              "maxLength": 8
            }
          },
          "special_category": {
            "label": "Special category",
            "description": "Human readable description",
            "type": "enumerable",
            "options": [46]
          },
          "close_friend": {
            "label": "Close Friend",
            "description": "Human readable description",
            "type": "boolean"
          },
          "support_friend": {
            "label": "Support Friend",
            "description": "Human readable description",
            "type": "boolean"
          },
          "advice_friend": {
            "label": "Advice Friend",
            "description": "Human readable description",
            "type": "boolean"
          },
          "has_given_advice": {
            "label": "Has given advice?",
            "description": "Human readable description",
            "type": "boolean"
          }
        }
      },
      "venue": {
        "label": "Venue",
        "color": "kiwi",
        "variables": {
          "name": {
            "label": "Name",
            "description": "Human readable description",
            "type": "text",
            "validation": {
              "required": true,
              "minLength": 1,
              "maxLength": 24
            }
          },
          "location": {
            "label": "Location",
            "description": "Human readable description",
            "type": "coordinates"
          }
        }
      }
    },
    "edge": {
      "friend": {
        "label": "Friend",
        "color": "mustard",
        "variables": {
          "contact_freq": {
            "label": "contact_freq",
            "description": "Contact frequency.",
            "type": "ordinal",
            "values": {
              "Very Often": 4,
              "Often": 3,
              "Sometimes": 2,
              "Rarely": 1,
              "Never": -1
            }
          }
        }
      },
      "professional": {
        "label": "Professional",
        "color": "kiwi",
        "variables": {
        }
      }
    }
  },
  "externalData": {
    "previousInterview": {
      "nodes": [
        {
          "uid": "previous_1",
          "type": "person",
          "name": "Lauren",
          "nickname": "Lauren",
          "age": "23"
        },
        {
          "uid": "previous_2",
          "type": "person",
          "name": "Benjamin",
          "nickname": "Ben",
          "age": "23"
        },
        {
          "uid": "previous_3",
          "type": "person",
          "name": "Rodrigo",
          "nickname": "Rod",
          "age": "23"
        },
        {
          "uid": "previous_4",
          "type": "person",
          "name": "Leo",
          "nickname": "Lee",
          "age": "23"
        },
        {
          "uid": "previous_5",
          "type": "person",
          "name": "Ryan",
          "nickname": "Ryan",
          "age": "23"
        }
      ]
    },
    "venue_list": {
      "nodes": [
        {
          "type": "venue",
          "name": "My Home"
        },
        {
          "type": "venue",
          "name": "My Workplace"
        },
        {
          "type": "venue",
          "name": "Local Bar"
        }
      ]
    }
  },
  "forms": {
    "person": {
      "title": "Add A Person",
      "entity": "node",
      "type": "person",
      "fields": [
        {
          "variable": "name",
          "component": "TextInput"
        },
        {
          "variable": "nickname",
          "component": "TextInput"
        },
        {
          "variable": "age",
          "component": "TextInput"
        },
        {
          "variable": "timeCreated",
          "component": "hidden",
          "value": "return Date.now().toString();"
        }
      ]
    },
    "myCustomForm": {
      "title": "Add A Person",
      "entity": "node",
      "type": "person",
      "fields": [
        {
          "variable": "name",
          "component": "TextInput"
        },
        {
          "variable": "nickname",
          "component": "TextInput"
        },
        {
          "variable": "age",
          "component": "TextInput"
        },
        {
          "variable": "timeCreated",
          "component": "hidden",
          "value": "return Date.now().toString();"
        }
      ]
    }
  },
  "stages": [
    {
      "id": "namegen1",
      "type": "NameGenerator",
      "label": "NG Closeness",
      "form": "myCustomForm",
      "subject": {
        "entity": "node",
        "type": "person"
      },
      "panels": [
        {
          "title": "Already mentioned",
          "dataSource": "existing"
        },
        {
          "title": "People from your previous visit",
          "dataSource": "previousInterview"
        }
      ],
      "prompts": [
        {
          "id": "6cl",
          "text": "This is the factory preset protocol",
          "additionalAttributes": {
            "special_category": 46,
            "close_friend": true
          }
        },
        {
          "id": "6su",
          "text": "Within the past 6 months, who has been supportive?",
          "additionalAttributes": {
            "support_friend": true
          }
        },
        {
          "id": "2we",
          "text": "Within the past 2 weeks, who has provided advice?",
          "additionalAttributes": {
            "advice_friend": true
          }
        }
      ]
    },
    {
      "id": "sociogram",
      "type": "Sociogram",
      "label": "Sociogram",
      "prompts": [
        {
          "id": "closeness1",
          "text": "Position the nodes amongst the concentric circles. Place people you are closer to towards the middle",
          "subject": {
            "entity": "node",
            "type": "person"
          },
          "filter": "return operator.or([\nselect.edge({ type: 'friend' }),\nselect.alter({ type: 'person', attribute: 'age', operator: 'GREATER_THAN', value: 29 })]);",
          "layout": {
            "layoutVariable": "closenessLayout",
            "allowPositioning": true
          },
          "edges": {
            "display": ["friends", "professional"],
            "create": "friends"
          },
          "highlight": {
            "variable": "has_given_advice",
            "value": true,
            "allowHighlighting": true
          },
          "disable": "return operator.or([\nselect.edge({ type: 'friend' }),\nselect.alter({ type: 'person', attribute: 'age', operator: 'LESS_THAN', value: 29 })]);",
          "nodeBinSortOrder": {
            "nickname": "DESC"
          },
          "background": {
            "image": "rubberduck.jpg",
            "concentricCircles": 4,
            "skewedTowardCenter": true
          }
        }
      ]
    }
  ]
}
